{
	"info": {
		"_postman_id": "ef37e615-c92a-46a9-8df1-e3563ad4223f",
		"name": "Odata - ES5",
		"schema": "https://schema.getpostman.com/json/collection/v2.1.0/collection.json"
	},
	"item": [
		{
			"name": "Get Request with Basic Auth ",
			"request": {
				"auth": {
					"type": "basic",
					"basic": [
						{
							"key": "password",
							"value": "sanket@1",
							"type": "string"
						},
						{
							"key": "username",
							"value": "s0012012515",
							"type": "string"
						}
					]
				},
				"method": "GET",
				"header": [
					{
						"key": "Content-Type",
						"value": "application/json"
					},
					{
						"warning": "This is a duplicate header and will be overridden by the Authorization header generated by Postman.",
						"key": "Authorization",
						"value": "{{LoginTokenT1}}",
						"type": "text"
					},
					{
						"key": "Accept-Encoding",
						"value": "application/json"
					},
					{
						"key": "x-csrf-token",
						"value": "FETCH"
					},
					{
						"key": "$filter",
						"value": "SalesOrder eq '0500000000'",
						"type": "text"
					}
				],
				"url": {
					"raw": "https://sapes5.sapdevcenter.com/sap/opu/odata/iwbep/GWSAMPLE_BASIC/SalesOrderSet",
					"protocol": "https",
					"host": [
						"sapes5",
						"sapdevcenter",
						"com"
					],
					"path": [
						"sap",
						"opu",
						"odata",
						"iwbep",
						"GWSAMPLE_BASIC",
						"SalesOrderSet"
					]
				}
			},
			"response": []
		},
		{
			"name": "Creat Sales Order",
			"request": {
				"auth": {
					"type": "basic",
					"basic": [
						{
							"key": "password",
							"value": "sanket@1",
							"type": "string"
						},
						{
							"key": "username",
							"value": "s0012012515",
							"type": "string"
						}
					]
				},
				"method": "POST",
				"header": [
					{
						"key": "Content-Type",
						"name": "Content-Type",
						"value": "application/xml",
						"type": "text"
					},
					{
						"warning": "This is a duplicate header and will be overridden by the Authorization header generated by Postman.",
						"key": "Authorization",
						"value": "{{LoginTokenT1}}",
						"type": "text"
					},
					{
						"key": "Accept-Encoding",
						"value": "application/json"
					},
					{
						"key": "x-csrf-token",
						"value": "P3Eo1gi3BZA9D6eWifswHA=="
					},
					{
						"key": "$filter",
						"value": "SalesOrder eq '0500000000'",
						"type": "text",
						"disabled": true
					}
				],
				"body": {
					"mode": "raw",
					"raw": "<?xml version=\"1.0\" encoding=\"utf-8\"?>\n<entry xml:base=\"https://sapes5.sapdevcenter.com/sap/opu/odata/IWBEP/GWSAMPLE_BASIC/\" xmlns=\"http://www.w3.org/2005/Atom\" xmlns:m=\"http://schemas.microsoft.com/ado/2007/08/dataservices/metadata\" xmlns:d=\"http://schemas.microsoft.com/ado/2007/08/dataservices\">\n  <content type=\"application/xml\">\n  <m:properties>\n  \t<d:Note>\nEPM DG: SO ID  Deliver as fast as possible text edites\n</d:Note>\n<d:NoteLanguage>EN</d:NoteLanguage>\n<d:CustomerID>0100000000</d:CustomerID>\n<d:CustomerName>SAP</d:CustomerName>\n<d:CurrencyCode>USD</d:CurrencyCode>\n<d:GrossAmount>1485.85</d:GrossAmount>\n<d:NetAmount>1208.95</d:NetAmount>\n<d:TaxAmount>296.90</d:TaxAmount>\n<d:LifecycleStatus>N</d:LifecycleStatus>\n<d:LifecycleStatusDescription>New</d:LifecycleStatusDescription>\n<d:BillingStatus>I</d:BillingStatus>\n<d:BillingStatusDescription>Initial</d:BillingStatusDescription>\n<d:DeliveryStatus>I</d:DeliveryStatus>\n<d:DeliveryStatusDescription>Initial</d:DeliveryStatusDescription>\n  </m:properties>\n </content>\n</entry> \n",
					"options": {
						"raw": {
							"language": "xml"
						}
					}
				},
				"url": {
					"raw": "https://sapes5.sapdevcenter.com/sap/opu/odata/IWBEP/GWSAMPLE_BASIC/SalesOrderSet",
					"protocol": "https",
					"host": [
						"sapes5",
						"sapdevcenter",
						"com"
					],
					"path": [
						"sap",
						"opu",
						"odata",
						"IWBEP",
						"GWSAMPLE_BASIC",
						"SalesOrderSet"
					]
				}
			},
			"response": []
		},
		{
			"name": "Creat Sales Order Line Item",
			"request": {
				"auth": {
					"type": "basic",
					"basic": [
						{
							"key": "password",
							"value": "sanket@1",
							"type": "string"
						},
						{
							"key": "username",
							"value": "s0012012515",
							"type": "string"
						}
					]
				},
				"method": "POST",
				"header": [
					{
						"key": "Content-Type",
						"name": "Content-Type",
						"value": "application/xml",
						"type": "text"
					},
					{
						"warning": "This is a duplicate header and will be overridden by the Authorization header generated by Postman.",
						"key": "Authorization",
						"value": "{{LoginTokenT1}}",
						"type": "text"
					},
					{
						"key": "Accept-Encoding",
						"value": "application/json"
					},
					{
						"key": "x-csrf-token",
						"value": "P3Eo1gi3BZA9D6eWifswHA=="
					},
					{
						"key": "$filter",
						"value": "SalesOrder eq '0500000000'",
						"type": "text",
						"disabled": true
					}
				],
				"body": {
					"mode": "raw",
					"raw": "<?xml version=\"1.0\" encoding=\"utf-8\"?>\n<entry xml:base=\"https://sapes5.sapdevcenter.com/sap/opu/odata/IWBEP/GWSAMPLE_BASIC/\" xmlns=\"http://www.w3.org/2005/Atom\" xmlns:m=\"http://schemas.microsoft.com/ado/2007/08/dataservices/metadata\" xmlns:d=\"http://schemas.microsoft.com/ado/2007/08/dataservices\">\n  <content type=\"application/xml\">\n  <m:properties>\n   <d:SalesOrderID>0500000501</d:SalesOrderID>\n   <d:ProductID>HT-1000</d:ProductID>\n   <d:Note>EPM DG: SO ID 0500000501 Item 0000000010</d:Note>\n   <d:NoteLanguage>EN</d:NoteLanguage>\n   <d:CurrencyCode>USD</d:CurrencyCode>\n   <d:GrossAmount>11373.64</d:GrossAmount>\n   <d:NetAmount>9560.00</d:NetAmount>\n   <d:TaxAmount>1381.64</d:TaxAmount>\n   <d:DeliveryDate>2018-12-07T23:00:00.0000000</d:DeliveryDate>\n   <d:Quantity>40</d:Quantity>\n   <d:QuantityUnit>EA</d:QuantityUnit>\n  </m:properties>\n </content>\n</entry> \n",
					"options": {
						"raw": {
							"language": "xml"
						}
					}
				},
				"url": {
					"raw": "https://sapes5.sapdevcenter.com/sap/opu/odata/IWBEP/GWSAMPLE_BASIC/SalesOrderLineItemSet",
					"protocol": "https",
					"host": [
						"sapes5",
						"sapdevcenter",
						"com"
					],
					"path": [
						"sap",
						"opu",
						"odata",
						"IWBEP",
						"GWSAMPLE_BASIC",
						"SalesOrderLineItemSet"
					]
				}
			},
			"response": []
		},
		{
			"name": "Patch Sales Order Line Item",
			"request": {
				"auth": {
					"type": "basic",
					"basic": [
						{
							"key": "password",
							"value": "sanket@1",
							"type": "string"
						},
						{
							"key": "username",
							"value": "s0012012515",
							"type": "string"
						}
					]
				},
				"method": "PATCH",
				"header": [
					{
						"key": "Content-Type",
						"name": "Content-Type",
						"value": "application/xml",
						"type": "text"
					},
					{
						"warning": "This is a duplicate header and will be overridden by the Authorization header generated by Postman.",
						"key": "Authorization",
						"value": "{{LoginTokenT1}}",
						"type": "text"
					},
					{
						"key": "Accept-Encoding",
						"value": "application/json"
					},
					{
						"key": "x-csrf-token",
						"value": "P3Eo1gi3BZA9D6eWifswHA=="
					},
					{
						"key": "$filter",
						"value": "SalesOrder eq '0500000000'",
						"type": "text",
						"disabled": true
					}
				],
				"body": {
					"mode": "raw",
					"raw": "<?xml version=\"1.0\" encoding=\"utf-8\"?>\n<entry xml:base=\"https://sapes5.sapdevcenter.com/sap/opu/odata/IWBEP/GWSAMPLE_BASIC/\" xmlns=\"http://www.w3.org/2005/Atom\" xmlns:m=\"http://schemas.microsoft.com/ado/2007/08/dataservices/metadata\" xmlns:d=\"http://schemas.microsoft.com/ado/2007/08/dataservices\">\n  <content type=\"application/xml\">\n  <m:properties>\n   <d:SalesOrderID>0500000501</d:SalesOrderID>\n<d:ItemPosition>0000000010</d:ItemPosition>\n<d:ProductID>HT-1000</d:ProductID>\n<d:Note>EPM DG: SO ID 0500000501 Item patched text 0000000010</d:Note>\n<d:NoteLanguage>EN</d:NoteLanguage>\n<d:CurrencyCode>USD</d:CurrencyCode>\n<d:GrossAmount>45505.60</d:GrossAmount>\n<d:NetAmount>38240.00</d:NetAmount>\n<d:TaxAmount>7265.60</d:TaxAmount>\n<d:DeliveryDate>2018-12-07T23:00:00.0000000</d:DeliveryDate>\n<d:Quantity>20</d:Quantity>\n<d:QuantityUnit>EA</d:QuantityUnit>\n  </m:properties>\n </content>\n</entry> \n",
					"options": {
						"raw": {
							"language": "xml"
						}
					}
				},
				"url": {
					"raw": "https://sapes5.sapdevcenter.com/sap/opu/odata/IWBEP/GWSAMPLE_BASIC/SalesOrderLineItemSet(SalesOrderID='0500000501',ItemPosition='0000000010')",
					"protocol": "https",
					"host": [
						"sapes5",
						"sapdevcenter",
						"com"
					],
					"path": [
						"sap",
						"opu",
						"odata",
						"IWBEP",
						"GWSAMPLE_BASIC",
						"SalesOrderLineItemSet(SalesOrderID='0500000501',ItemPosition='0000000010')"
					]
				}
			},
			"response": []
		},
		{
			"name": "Get All SO of BP",
			"protocolProfileBehavior": {
				"disableBodyPruning": true
			},
			"request": {
				"auth": {
					"type": "basic",
					"basic": [
						{
							"key": "password",
							"value": "sanket@1",
							"type": "string"
						},
						{
							"key": "username",
							"value": "s0012012515",
							"type": "string"
						}
					]
				},
				"method": "GET",
				"header": [
					{
						"key": "Content-Type",
						"name": "Content-Type",
						"value": "application/xml",
						"type": "text"
					},
					{
						"warning": "This is a duplicate header and will be overridden by the Authorization header generated by Postman.",
						"key": "Authorization",
						"value": "{{LoginTokenT1}}",
						"type": "text"
					},
					{
						"key": "Accept-Encoding",
						"value": "application/json"
					},
					{
						"key": "x-csrf-token",
						"value": "P3Eo1gi3BZA9D6eWifswHA=="
					},
					{
						"key": "$filter",
						"value": "SalesOrder eq '0500000000'",
						"type": "text",
						"disabled": true
					}
				],
				"body": {
					"mode": "raw",
					"raw": "<?xml version=\"1.0\" encoding=\"utf-8\"?>\n<entry xml:base=\"https://sapes5.sapdevcenter.com/sap/opu/odata/IWBEP/GWSAMPLE_BASIC/\" xmlns=\"http://www.w3.org/2005/Atom\" xmlns:m=\"http://schemas.microsoft.com/ado/2007/08/dataservices/metadata\" xmlns:d=\"http://schemas.microsoft.com/ado/2007/08/dataservices\">\n  <content type=\"application/xml\">\n  <m:properties>\n<d:SalesOrderID>0500000501</d:SalesOrderID>\n<d:Note> EPM DG: SO ID edited with patch </d:Note>\n<d:NoteLanguage>EN</d:NoteLanguage>\n  </m:properties>\n </content>\n</entry> \n",
					"options": {
						"raw": {
							"language": "xml"
						}
					}
				},
				"url": {
					"raw": "https://sapes5.sapdevcenter.com/sap/opu/odata/iwbep/GWSAMPLE_BASIC/BusinessPartnerSet(%270100000000%27)/ToSalesOrders",
					"protocol": "https",
					"host": [
						"sapes5",
						"sapdevcenter",
						"com"
					],
					"path": [
						"sap",
						"opu",
						"odata",
						"iwbep",
						"GWSAMPLE_BASIC",
						"BusinessPartnerSet(%270100000000%27)",
						"ToSalesOrders"
					]
				}
			},
			"response": []
		},
		{
			"name": "Get All Contacts of BP",
			"protocolProfileBehavior": {
				"disableBodyPruning": true
			},
			"request": {
				"auth": {
					"type": "basic",
					"basic": [
						{
							"key": "password",
							"value": "sanket@1",
							"type": "string"
						},
						{
							"key": "username",
							"value": "s0012012515",
							"type": "string"
						}
					]
				},
				"method": "GET",
				"header": [
					{
						"key": "Content-Type",
						"name": "Content-Type",
						"value": "application/xml",
						"type": "text"
					},
					{
						"warning": "This is a duplicate header and will be overridden by the Authorization header generated by Postman.",
						"key": "Authorization",
						"value": "{{LoginTokenT1}}",
						"type": "text"
					},
					{
						"key": "Accept-Encoding",
						"value": "application/json"
					},
					{
						"key": "x-csrf-token",
						"value": "P3Eo1gi3BZA9D6eWifswHA=="
					},
					{
						"key": "$filter",
						"value": "SalesOrder eq '0500000000'",
						"type": "text",
						"disabled": true
					}
				],
				"body": {
					"mode": "raw",
					"raw": "<?xml version=\"1.0\" encoding=\"utf-8\"?>\n<entry xml:base=\"https://sapes5.sapdevcenter.com/sap/opu/odata/IWBEP/GWSAMPLE_BASIC/\" xmlns=\"http://www.w3.org/2005/Atom\" xmlns:m=\"http://schemas.microsoft.com/ado/2007/08/dataservices/metadata\" xmlns:d=\"http://schemas.microsoft.com/ado/2007/08/dataservices\">\n  <content type=\"application/xml\">\n  <m:properties>\n<d:SalesOrderID>0500000501</d:SalesOrderID>\n<d:Note> EPM DG: SO ID edited with patch </d:Note>\n<d:NoteLanguage>EN</d:NoteLanguage>\n  </m:properties>\n </content>\n</entry> \n",
					"options": {
						"raw": {
							"language": "xml"
						}
					}
				},
				"url": {
					"raw": "https://sapes5.sapdevcenter.com/sap/opu/odata/iwbep/GWSAMPLE_BASIC/BusinessPartnerSet(%270100000000%27)/ToContacts",
					"protocol": "https",
					"host": [
						"sapes5",
						"sapdevcenter",
						"com"
					],
					"path": [
						"sap",
						"opu",
						"odata",
						"iwbep",
						"GWSAMPLE_BASIC",
						"BusinessPartnerSet(%270100000000%27)",
						"ToContacts"
					]
				}
			},
			"response": []
		},
		{
			"name": "Get SO BP Details ",
			"protocolProfileBehavior": {
				"disableBodyPruning": true
			},
			"request": {
				"auth": {
					"type": "basic",
					"basic": [
						{
							"key": "password",
							"value": "sanket@1",
							"type": "string"
						},
						{
							"key": "username",
							"value": "s0012012515",
							"type": "string"
						}
					]
				},
				"method": "GET",
				"header": [
					{
						"key": "Content-Type",
						"name": "Content-Type",
						"value": "application/xml",
						"type": "text"
					},
					{
						"warning": "This is a duplicate header and will be overridden by the Authorization header generated by Postman.",
						"key": "Authorization",
						"value": "{{LoginTokenT1}}",
						"type": "text"
					},
					{
						"key": "Accept-Encoding",
						"value": "application/json"
					},
					{
						"key": "x-csrf-token",
						"value": "P3Eo1gi3BZA9D6eWifswHA=="
					},
					{
						"key": "$filter",
						"value": "SalesOrder eq '0500000000'",
						"type": "text",
						"disabled": true
					}
				],
				"body": {
					"mode": "raw",
					"raw": "<?xml version=\"1.0\" encoding=\"utf-8\"?>\n<entry xml:base=\"https://sapes5.sapdevcenter.com/sap/opu/odata/IWBEP/GWSAMPLE_BASIC/\" xmlns=\"http://www.w3.org/2005/Atom\" xmlns:m=\"http://schemas.microsoft.com/ado/2007/08/dataservices/metadata\" xmlns:d=\"http://schemas.microsoft.com/ado/2007/08/dataservices\">\n  <content type=\"application/xml\">\n  <m:properties>\n<d:SalesOrderID>0500000501</d:SalesOrderID>\n<d:Note> EPM DG: SO ID edited with patch </d:Note>\n<d:NoteLanguage>EN</d:NoteLanguage>\n  </m:properties>\n </content>\n</entry> \n",
					"options": {
						"raw": {
							"language": "xml"
						}
					}
				},
				"url": {
					"raw": "https://sapes5.sapdevcenter.com/sap/opu/odata/iwbep/GWSAMPLE_BASIC/SalesOrderSet(%270500000501%27)/ToBusinessPartner",
					"protocol": "https",
					"host": [
						"sapes5",
						"sapdevcenter",
						"com"
					],
					"path": [
						"sap",
						"opu",
						"odata",
						"iwbep",
						"GWSAMPLE_BASIC",
						"SalesOrderSet(%270500000501%27)",
						"ToBusinessPartner"
					]
				}
			},
			"response": []
		},
		{
			"name": "Get Products for BP",
			"protocolProfileBehavior": {
				"disableBodyPruning": true
			},
			"request": {
				"auth": {
					"type": "basic",
					"basic": [
						{
							"key": "password",
							"value": "sanket@1",
							"type": "string"
						},
						{
							"key": "username",
							"value": "s0012012515",
							"type": "string"
						}
					]
				},
				"method": "GET",
				"header": [
					{
						"key": "Content-Type",
						"name": "Content-Type",
						"value": "application/xml",
						"type": "text"
					},
					{
						"warning": "This is a duplicate header and will be overridden by the Authorization header generated by Postman.",
						"key": "Authorization",
						"value": "{{LoginTokenT1}}",
						"type": "text"
					},
					{
						"key": "Accept-Encoding",
						"value": "application/json"
					},
					{
						"key": "x-csrf-token",
						"value": "P3Eo1gi3BZA9D6eWifswHA=="
					},
					{
						"key": "$filter",
						"value": "SalesOrder eq '0500000000'",
						"type": "text",
						"disabled": true
					}
				],
				"body": {
					"mode": "raw",
					"raw": "<?xml version=\"1.0\" encoding=\"utf-8\"?>\n<entry xml:base=\"https://sapes5.sapdevcenter.com/sap/opu/odata/IWBEP/GWSAMPLE_BASIC/\" xmlns=\"http://www.w3.org/2005/Atom\" xmlns:m=\"http://schemas.microsoft.com/ado/2007/08/dataservices/metadata\" xmlns:d=\"http://schemas.microsoft.com/ado/2007/08/dataservices\">\n  <content type=\"application/xml\">\n  <m:properties>\n<d:SalesOrderID>0500000501</d:SalesOrderID>\n<d:Note> EPM DG: SO ID edited with patch </d:Note>\n<d:NoteLanguage>EN</d:NoteLanguage>\n  </m:properties>\n </content>\n</entry> \n",
					"options": {
						"raw": {
							"language": "xml"
						}
					}
				},
				"url": {
					"raw": "https://sapes5.sapdevcenter.com/sap/opu/odata/iwbep/GWSAMPLE_BASIC/BusinessPartnerSet('0100000000')/ToProducts",
					"protocol": "https",
					"host": [
						"sapes5",
						"sapdevcenter",
						"com"
					],
					"path": [
						"sap",
						"opu",
						"odata",
						"iwbep",
						"GWSAMPLE_BASIC",
						"BusinessPartnerSet('0100000000')",
						"ToProducts"
					]
				}
			},
			"response": []
		},
		{
			"name": "Get All SO associated with Prod",
			"protocolProfileBehavior": {
				"disableBodyPruning": true
			},
			"request": {
				"auth": {
					"type": "basic",
					"basic": [
						{
							"key": "password",
							"value": "sanket@1",
							"type": "string"
						},
						{
							"key": "username",
							"value": "s0012012515",
							"type": "string"
						}
					]
				},
				"method": "GET",
				"header": [
					{
						"key": "Content-Type",
						"name": "Content-Type",
						"value": "application/xml",
						"type": "text"
					},
					{
						"warning": "This is a duplicate header and will be overridden by the Authorization header generated by Postman.",
						"key": "Authorization",
						"value": "{{LoginTokenT1}}",
						"type": "text"
					},
					{
						"key": "Accept-Encoding",
						"value": "application/json"
					},
					{
						"key": "x-csrf-token",
						"value": "P3Eo1gi3BZA9D6eWifswHA=="
					},
					{
						"key": "$filter",
						"value": "SalesOrder eq '0500000000'",
						"type": "text",
						"disabled": true
					}
				],
				"body": {
					"mode": "raw",
					"raw": "<?xml version=\"1.0\" encoding=\"utf-8\"?>\n<entry xml:base=\"https://sapes5.sapdevcenter.com/sap/opu/odata/IWBEP/GWSAMPLE_BASIC/\" xmlns=\"http://www.w3.org/2005/Atom\" xmlns:m=\"http://schemas.microsoft.com/ado/2007/08/dataservices/metadata\" xmlns:d=\"http://schemas.microsoft.com/ado/2007/08/dataservices\">\n  <content type=\"application/xml\">\n  <m:properties>\n<d:SalesOrderID>0500000501</d:SalesOrderID>\n<d:Note> EPM DG: SO ID edited with patch </d:Note>\n<d:NoteLanguage>EN</d:NoteLanguage>\n  </m:properties>\n </content>\n</entry> \n",
					"options": {
						"raw": {
							"language": "xml"
						}
					}
				},
				"url": {
					"raw": "https://sapes5.sapdevcenter.com/sap/opu/odata/iwbep/GWSAMPLE_BASIC/ProductSet('HT-1000')/ToSalesOrderLineItems",
					"protocol": "https",
					"host": [
						"sapes5",
						"sapdevcenter",
						"com"
					],
					"path": [
						"sap",
						"opu",
						"odata",
						"iwbep",
						"GWSAMPLE_BASIC",
						"ProductSet('HT-1000')",
						"ToSalesOrderLineItems"
					]
				}
			},
			"response": []
		},
		{
			"name": "Get Prod Supplier",
			"protocolProfileBehavior": {
				"disableBodyPruning": true
			},
			"request": {
				"auth": {
					"type": "basic",
					"basic": [
						{
							"key": "password",
							"value": "sanket@1",
							"type": "string"
						},
						{
							"key": "username",
							"value": "s0012012515",
							"type": "string"
						}
					]
				},
				"method": "GET",
				"header": [
					{
						"key": "Content-Type",
						"name": "Content-Type",
						"value": "application/xml",
						"type": "text"
					},
					{
						"warning": "This is a duplicate header and will be overridden by the Authorization header generated by Postman.",
						"key": "Authorization",
						"value": "{{LoginTokenT1}}",
						"type": "text"
					},
					{
						"key": "Accept-Encoding",
						"value": "application/json"
					},
					{
						"key": "x-csrf-token",
						"value": "P3Eo1gi3BZA9D6eWifswHA=="
					},
					{
						"key": "$filter",
						"value": "SalesOrder eq '0500000000'",
						"type": "text",
						"disabled": true
					}
				],
				"body": {
					"mode": "raw",
					"raw": "<?xml version=\"1.0\" encoding=\"utf-8\"?>\n<entry xml:base=\"https://sapes5.sapdevcenter.com/sap/opu/odata/IWBEP/GWSAMPLE_BASIC/\" xmlns=\"http://www.w3.org/2005/Atom\" xmlns:m=\"http://schemas.microsoft.com/ado/2007/08/dataservices/metadata\" xmlns:d=\"http://schemas.microsoft.com/ado/2007/08/dataservices\">\n  <content type=\"application/xml\">\n  <m:properties>\n<d:SalesOrderID>0500000501</d:SalesOrderID>\n<d:Note> EPM DG: SO ID edited with patch </d:Note>\n<d:NoteLanguage>EN</d:NoteLanguage>\n  </m:properties>\n </content>\n</entry> \n",
					"options": {
						"raw": {
							"language": "xml"
						}
					}
				},
				"url": {
					"raw": "https://sapes5.sapdevcenter.com/sap/opu/odata/iwbep/GWSAMPLE_BASIC/ProductSet(%27EPM-036970%27)/ToSupplier",
					"protocol": "https",
					"host": [
						"sapes5",
						"sapdevcenter",
						"com"
					],
					"path": [
						"sap",
						"opu",
						"odata",
						"iwbep",
						"GWSAMPLE_BASIC",
						"ProductSet(%27EPM-036970%27)",
						"ToSupplier"
					]
				}
			},
			"response": []
		},
		{
			"name": "Get Prod Details",
			"protocolProfileBehavior": {
				"disableBodyPruning": true
			},
			"request": {
				"auth": {
					"type": "basic",
					"basic": [
						{
							"key": "password",
							"value": "sanket@1",
							"type": "string"
						},
						{
							"key": "username",
							"value": "s0012012515",
							"type": "string"
						}
					]
				},
				"method": "GET",
				"header": [
					{
						"key": "Content-Type",
						"name": "Content-Type",
						"value": "application/xml",
						"type": "text"
					},
					{
						"warning": "This is a duplicate header and will be overridden by the Authorization header generated by Postman.",
						"key": "Authorization",
						"value": "{{LoginTokenT1}}",
						"type": "text"
					},
					{
						"key": "Accept-Encoding",
						"value": "application/json"
					},
					{
						"key": "x-csrf-token",
						"value": "P3Eo1gi3BZA9D6eWifswHA=="
					},
					{
						"key": "$filter",
						"value": "SalesOrder eq '0500000000'",
						"type": "text",
						"disabled": true
					}
				],
				"body": {
					"mode": "raw",
					"raw": "<d:ProductID>HT-1007</d:ProductID>\n<d:TypeCode>PR</d:TypeCode>\n<d:Category>PDAs & Organizers</d:Category>\n<d:Name>ITelO Vault</d:Name>\n<d:NameLanguage>EN</d:NameLanguage>\n<d:Description>Digital Organizer with State-of-the-Art Storage Encryption</d:Description>\n<d:DescriptionLanguage>EN</d:DescriptionLanguage>\n<d:SupplierID>0100000004</d:SupplierID>\n<d:SupplierName>Panorama Studios</d:SupplierName>\n<d:TaxTarifCode>1</d:TaxTarifCode>\n<d:MeasureUnit>EA</d:MeasureUnit>\n<d:WeightMeasure>0.200</d:WeightMeasure>\n<d:WeightUnit>KG</d:WeightUnit>\n<d:CurrencyCode>USD</d:CurrencyCode>\n<d:Price>299.00</d:Price>\n<d:Width>32.000</d:Width>\n<d:Depth>22.000</d:Depth>\n<d:Height>3.000</d:Height>\n<d:DimUnit>CM</d:DimUnit>\n<d:CreatedAt>2020-04-25T23:16:06.0000000</d:CreatedAt>\n<d:ChangedAt>2020-04-25T23:16:06.0000000</d:ChangedAt>",
					"options": {
						"raw": {
							"language": "xml"
						}
					}
				},
				"url": {
					"raw": "https://sapes5.sapdevcenter.com/sap/opu/odata/iwbep/GWSAMPLE_BASIC/ProductSet(%27HT-1007%27)",
					"protocol": "https",
					"host": [
						"sapes5",
						"sapdevcenter",
						"com"
					],
					"path": [
						"sap",
						"opu",
						"odata",
						"iwbep",
						"GWSAMPLE_BASIC",
						"ProductSet(%27HT-1007%27)"
					]
				}
			},
			"response": []
		},
		{
			"name": "Update Product With Etags",
			"request": {
				"auth": {
					"type": "basic",
					"basic": [
						{
							"key": "password",
							"value": "sanket@1",
							"type": "string"
						},
						{
							"key": "username",
							"value": "s0012012515",
							"type": "string"
						}
					]
				},
				"method": "PATCH",
				"header": [
					{
						"key": "Content-Type",
						"name": "Content-Type",
						"value": "application/xml",
						"type": "text"
					},
					{
						"warning": "This is a duplicate header and will be overridden by the Authorization header generated by Postman.",
						"key": "Authorization",
						"value": "{{LoginTokenT1}}",
						"type": "text"
					},
					{
						"key": "Accept-Encoding",
						"value": "application/json"
					},
					{
						"key": "x-csrf-token",
						"value": "P3Eo1gi3BZA9D6eWifswHA=="
					},
					{
						"key": "$filter",
						"value": "SalesOrder eq '0500000000'",
						"type": "text",
						"disabled": true
					},
					{
						"key": "If-Match",
						"value": "\"datetime'2020-04-26T02:01:17.0000000'\"",
						"type": "text"
					}
				],
				"body": {
					"mode": "raw",
					"raw": "<?xml version=\"1.0\" encoding=\"utf-8\"?>\n<entry m:etag=\"W/&quot;datetime'2020-04-26T02%3A01%3A17.0000000'&quot;\" xml:base=\"https://sapes5.sapdevcenter.com/sap/opu/odata/iwbep/GWSAMPLE_BASIC/\" xmlns=\"http://www.w3.org/2005/Atom\" xmlns:m=\"http://schemas.microsoft.com/ado/2007/08/dataservices/metadata\" xmlns:d=\"http://schemas.microsoft.com/ado/2007/08/dataservices\">\n    <id>https://sapes5.sapdevcenter.com/sap/opu/odata/iwbep/GWSAMPLE_BASIC/ProductSet('HT-1007')</id>\n    <title type=\"text\">ProductSet('HT-1007')</title>\n    <updated>2020-04-26T02:28:44Z</updated>\n    <category term=\"GWSAMPLE_BASIC.Product\" scheme=\"http://schemas.microsoft.com/ado/2007/08/dataservices/scheme\"/>\n    <link href=\"ProductSet('HT-1007')\" rel=\"edit\" title=\"Product\"/>\n    <link href=\"ProductSet('HT-1007')/ToSalesOrderLineItems\" rel=\"http://schemas.microsoft.com/ado/2007/08/dataservices/related/ToSalesOrderLineItems\" type=\"application/atom+xml;type=feed\" title=\"ToSalesOrderLineItems\"/>\n    <link href=\"ProductSet('HT-1007')/ToSupplier\" rel=\"http://schemas.microsoft.com/ado/2007/08/dataservices/related/ToSupplier\" type=\"application/atom+xml;type=entry\" title=\"ToSupplier\"/>\n    <content type=\"application/xml\">\n        <m:properties>\n            <d:ProductID>HT-1007</d:ProductID>\n            <d:TypeCode>PR</d:TypeCode>\n            <d:Category>PDAs &amp; Organizers</d:Category>\n            <d:Name>ITelO Vault what a edit</d:Name>\n            <d:NameLanguage>EN</d:NameLanguage>\n            <d:Description>Digital Organizer with State-of-the-Art Edited Text Storage Encryption</d:Description>\n            <d:DescriptionLanguage>EN</d:DescriptionLanguage>\n            <d:SupplierID>0100000004</d:SupplierID>\n            <d:SupplierName>Panorama Studios</d:SupplierName>\n            <d:TaxTarifCode>1</d:TaxTarifCode>\n            <d:MeasureUnit>EA</d:MeasureUnit>\n            <d:WeightMeasure>0.200</d:WeightMeasure>\n            <d:WeightUnit>KG</d:WeightUnit>\n            <d:CurrencyCode>USD</d:CurrencyCode>\n            <d:Price>299.00</d:Price>\n            <d:Width>32.000</d:Width>\n            <d:Depth>22.000</d:Depth>\n            <d:Height>3.000</d:Height>\n            <d:DimUnit>CM</d:DimUnit>\n            <d:CreatedAt>2020-04-26T02:01:17.0000000</d:CreatedAt>\n            <d:ChangedAt>2020-04-26T02:01:17.0000000</d:ChangedAt>\n        </m:properties>\n    </content>\n</entry>",
					"options": {
						"raw": {
							"language": "xml"
						}
					}
				},
				"url": {
					"raw": "https://sapes5.sapdevcenter.com/sap/opu/odata/iwbep/GWSAMPLE_BASIC/ProductSet(%27HT-1007%27)",
					"protocol": "https",
					"host": [
						"sapes5",
						"sapdevcenter",
						"com"
					],
					"path": [
						"sap",
						"opu",
						"odata",
						"iwbep",
						"GWSAMPLE_BASIC",
						"ProductSet(%27HT-1007%27)"
					]
				}
			},
			"response": []
		},
		{
			"name": "Create Product",
			"request": {
				"auth": {
					"type": "basic",
					"basic": [
						{
							"key": "password",
							"value": "sanket@1",
							"type": "string"
						},
						{
							"key": "username",
							"value": "s0012012515",
							"type": "string"
						}
					]
				},
				"method": "POST",
				"header": [
					{
						"key": "Content-Type",
						"name": "Content-Type",
						"value": "application/xml",
						"type": "text"
					},
					{
						"warning": "This is a duplicate header and will be overridden by the Authorization header generated by Postman.",
						"key": "Authorization",
						"value": "{{LoginTokenT1}}",
						"type": "text"
					},
					{
						"key": "Accept-Encoding",
						"value": "application/json"
					},
					{
						"key": "x-csrf-token",
						"value": "P3Eo1gi3BZA9D6eWifswHA=="
					},
					{
						"key": "$filter",
						"value": "SalesOrder eq '0500000000'",
						"type": "text",
						"disabled": true
					},
					{
						"key": "If-Match",
						"value": "\"datetime'2020-04-26T02:01:17.0000000'\"",
						"type": "text",
						"disabled": true
					}
				],
				"body": {
					"mode": "raw",
					"raw": "<?xml version=\"1.0\" encoding=\"utf-8\"?>\n<entry xml:base=\"https://sapes5.sapdevcenter.com/sap/opu/odata/iwbep/GWSAMPLE_BASIC/\" xmlns=\"http://www.w3.org/2005/Atom\" xmlns:m=\"http://schemas.microsoft.com/ado/2007/08/dataservices/metadata\" xmlns:d=\"http://schemas.microsoft.com/ado/2007/08/dataservices\">\n\n    <content type=\"application/xml\">\n        <m:properties>\n            <d:ProductID>WE-RET234</d:ProductID>\n            <d:TypeCode>PR</d:TypeCode>\n            <d:Category>PDAs &amp; Organizers</d:Category>\n            <d:Name>ITelO Vault what a edit</d:Name>\n            <d:NameLanguage>EN</d:NameLanguage>\n            <d:Description>Digital Organizer with State-of-the-Art Edited Text Storage Encryption</d:Description>\n            <d:DescriptionLanguage>EN</d:DescriptionLanguage>\n            <d:SupplierID>0100000004</d:SupplierID>\n            <d:SupplierName>Panorama Studios</d:SupplierName>\n            <d:TaxTarifCode>1</d:TaxTarifCode>\n            <d:MeasureUnit>EA</d:MeasureUnit>\n            <d:WeightMeasure>0.200</d:WeightMeasure>\n            <d:WeightUnit>KG</d:WeightUnit>\n            <d:CurrencyCode>USD</d:CurrencyCode>\n            <d:Price>299.00</d:Price>\n            <d:Width>32.000</d:Width>\n            <d:Depth>22.000</d:Depth>\n            <d:Height>3.000</d:Height>\n            <d:DimUnit>CM</d:DimUnit>\n        </m:properties>\n    </content>\n</entry>",
					"options": {
						"raw": {
							"language": "xml"
						}
					}
				},
				"url": {
					"raw": "https://sapes5.sapdevcenter.com/sap/opu/odata/iwbep/GWSAMPLE_BASIC/ProductSet",
					"protocol": "https",
					"host": [
						"sapes5",
						"sapdevcenter",
						"com"
					],
					"path": [
						"sap",
						"opu",
						"odata",
						"iwbep",
						"GWSAMPLE_BASIC",
						"ProductSet"
					]
				}
			},
			"response": []
		},
		{
			"name": "Update Product With Etags-json",
			"request": {
				"auth": {
					"type": "basic",
					"basic": [
						{
							"key": "password",
							"value": "sanket@1",
							"type": "string"
						},
						{
							"key": "username",
							"value": "s0012012515",
							"type": "string"
						}
					]
				},
				"method": "PATCH",
				"header": [
					{
						"key": "Content-Type",
						"name": "Content-Type",
						"value": "application/json",
						"type": "text"
					},
					{
						"warning": "This is a duplicate header and will be overridden by the Authorization header generated by Postman.",
						"key": "Authorization",
						"value": "{{LoginTokenT1}}",
						"type": "text"
					},
					{
						"key": "Accept-Encoding",
						"value": "application/json"
					},
					{
						"key": "x-csrf-token",
						"value": "izT1Ahdlfdwb94nDa_-4Ow=="
					},
					{
						"key": "$filter",
						"value": "SalesOrder eq '0500000000'",
						"type": "text",
						"disabled": true
					},
					{
						"key": "If-Match",
						"value": "\"datetime'2020-04-26T19:03:50.2712510'\"",
						"type": "text"
					}
				],
				"body": {
					"mode": "raw",
					"raw": " {\n    \"d\": {\n        \"__metadata\": {\n            \"id\": \"https://sapes5.sapdevcenter.com/sap/opu/odata/iwbep/GWSAMPLE_BASIC/ProductSet('WE-RET234')\",\n            \"uri\": \"https://sapes5.sapdevcenter.com/sap/opu/odata/iwbep/GWSAMPLE_BASIC/ProductSet('WE-RET234')\",\n            \"type\": \"GWSAMPLE_BASIC.Product\",\n            \"etag\": \"W/\\\"datetime'2020-04-26T02%3A37%3A36.4886650'\\\"\"\n        },\n        \"ProductID\": \"WE-RET234\",\n        \"TypeCode\": \"PR\",\n        \"Category\": \"PDAs & Organizers\",\n        \"Name\": \"ITelO Vault what a edit\",\n        \"NameLanguage\": \"EN\",\n        \"Description\": \"Edited Text \",\n        \"DescriptionLanguage\": \"EN\",\n        \"SupplierID\": \"0100000004\",\n        \"SupplierName\": \"Panorama Studios\",\n        \"TaxTarifCode\": 1,\n        \"MeasureUnit\": \"EA\",\n        \"WeightMeasure\": \"0.200\",\n        \"WeightUnit\": \"KG\",\n        \"CurrencyCode\": \"USD\",\n        \"Price\": \"299.00\",\n        \"Width\": \"32.000\",\n        \"Depth\": \"22.000\",\n        \"Height\": \"3.000\",\n        \"DimUnit\": \"CM\",\n        \"ToSalesOrderLineItems\": {\n            \"__deferred\": {\n                \"uri\": \"https://sapes5.sapdevcenter.com/sap/opu/odata/iwbep/GWSAMPLE_BASIC/ProductSet('WE-RET234')/ToSalesOrderLineItems\"\n            }\n        },\n        \"ToSupplier\": {\n            \"__deferred\": {\n                \"uri\": \"https://sapes5.sapdevcenter.com/sap/opu/odata/iwbep/GWSAMPLE_BASIC/ProductSet('WE-RET234')/ToSupplier\"\n            }\n        }\n    }\n}",
					"options": {
						"raw": {
							"language": "json"
						}
					}
				},
				"url": {
					"raw": "https://sapes5.sapdevcenter.com/sap/opu/odata/iwbep/GWSAMPLE_BASIC/ProductSet(%27WE-RET234%27)",
					"protocol": "https",
					"host": [
						"sapes5",
						"sapdevcenter",
						"com"
					],
					"path": [
						"sap",
						"opu",
						"odata",
						"iwbep",
						"GWSAMPLE_BASIC",
						"ProductSet(%27WE-RET234%27)"
					]
				}
			},
			"response": []
		}
	]
}